comment_id,user_id,post_id,comment,created_at
1,59,85,'Repellat molestiae quos ex vel saepe minima fugiat.',2023-09-06
2,41,7,'Itaque totam repudiandae minus molestias hic ab iusto autem beatae.',2023-10-01
3,67,43,'Explicabo excepturi ipsa quo.',2023-11-25
4,26,36,'Sit molestiae occaecati dolorum hic similique perferendis iste ad.',2023-10-06
5,15,35,'Quos officiis placeat provident voluptate.',2023-08-04
6,30,53,'Earum eveniet dicta non non ipsa magni repellendus.',2023-10-11
7,65,99,'Beatae pariatur eligendi.',2023-08-15
8,26,52,'Quis esse itaque recusandae neque fuga explicabo beatae numquam.',2023-09-28
9,25,22,'Officia nihil quia minima.',2023-12-09
10,42,44,'Similique itaque ratione natus.',2023-10-24
11,40,42,'Quisquam commodi ipsum cum.',2023-09-09
12,9,30,'Debitis optio accusamus laboriosam.',2023-08-28
13,14,0,'Fugit non necessitatibus.',2023-11-14
14,65,74,'Impedit eos ab iure odit.',2023-08-17
15,62,43,'Illum quasi eveniet totam vero.',2023-08-23
16,66,97,'Impedit nisi eaque ipsum necessitatibus sapiente unde.',2023-12-08
17,35,24,'Fuga quaerat neque doloribus ad tempora.',2023-10-31
18,54,50,'Aspernatur voluptate ex a.',2023-10-16
19,63,58,'Fugit est atque dignissimos nemo id quaerat officiis.',2023-10-26
20,26,48,'Enim modi omnis et.',2023-09-17
21,17,46,'Temporibus neque molestiae explicabo odit.',2023-09-09
22,39,10,'Quos beatae laborum.',2023-11-25
23,35,72,'Dolores expedita doloribus ab repellat minus delectus numquam laboriosam reiciendis.',2023-11-20
24,14,35,'Nostrum nihil error suscipit laborum.',2023-12-09
25,104,35,'Quos eum omnis.',2023-08-09
26,43,87,'Error et atque accusamus quae cum.',2023-11-08
27,15,97,'Inventore voluptate eveniet soluta nulla ut totam quisquam culpa.',2023-11-27
28,37,50,'Exercitationem esse repellat ducimus magnam iusto veritatis accusantium at eos.',2023-12-04
29,67,19,'Eos eos eaque id rerum expedita.',2023-11-26
30,19,44,'Quae impedit iure mollitia incidunt nemo dolore ipsam libero.',2023-09-15
31,4,65,'Consequuntur eveniet amet aliquam commodi placeat dolores labore perferendis.',2023-09-06
32,56,65,'Hic autem laudantium.',2023-12-04
33,27,42,'Tempore accusamus quam veniam fugiat rerum facilis.',2023-08-09
34,30,42,'Iste sunt dolorum.',2023-08-23
35,63,3,'Molestiae sequi cum consequuntur suscipit suscipit aperiam quidem sed.',2023-10-09
36,6,47,'Vero sunt fugiat accusamus suscipit.',2023-10-22
37,69,29,'Nobis quas eligendi praesentium aperiam vero unde nulla.',2023-11-20
38,40,32,'Minima nulla aperiam commodi.',2023-10-02
39,46,56,'Quae mollitia voluptatem repellat perspiciatis facere fugiat harum qui autem.',2023-11-14
40,60,17,'Possimus id minima maxime.',2023-10-22
41,62,4,'Aspernatur tenetur animi eligendi totam aperiam qui recusandae dolorum.',2023-11-10
42,14,58,'Fuga commodi laboriosam suscipit earum consequuntur ratione ad minima fuga.',2023-08-26
43,61,15,'Cumque autem est fuga repudiandae.',2023-11-09
44,31,79,'Sapiente nisi soluta molestias repellat earum vel tenetur iste dignissimos.',2023-08-08
45,20,25,'Eum exercitationem similique repellat quis natus iste similique.',2023-09-21
46,46,78,'Modi repellendus quam.',2023-10-26
47,28,53,'Maxime nesciunt molestiae voluptatem aliquam laudantium.',2023-09-11
48,39,72,'Nesciunt eius error occaecati unde similique magnam exercitationem pariatur consequatur.',2023-09-03
49,26,0,'Incidunt fugiat doloribus provident nulla repellat placeat voluptatibus.',2023-10-05
50,2,57,'Pariatur ad distinctio laborum illum dolores odit dignissimos odio.',2023-10-14
51,24,73,'Culpa voluptatum dolorem aperiam dolores a delectus.',2023-09-06
52,69,33,'Quibusdam non necessitatibus voluptatum cupiditate eum sit amet.',2023-08-03
53,14,43,'Recusandae nostrum facilis officia adipisci repellendus.',2023-11-13
54,18,25,'Expedita repellat aut.',2023-10-13
55,21,99,'Sed dolor velit quod laudantium quasi quae optio dolorum laudantium.',2023-10-24
56,55,51,'Vero nulla iste officia odit similique deserunt neque quidem totam.',2023-09-01
57,45,6,'Quidem quam quam rerum sunt porro laborum nam occaecati harum.',2023-10-22
58,30,91,'Nobis nisi consequuntur nulla nostrum labore beatae sequi molestiae assumenda.',2023-10-07
59,50,93,'Incidunt dolor recusandae voluptates magni ipsa magni asperiores suscipit.',2023-11-19
60,49,8,'Iusto et excepturi distinctio reprehenderit.',2023-11-19
61,60,16,'Reiciendis possimus odit dolores exercitationem cumque quibusdam mollitia.',2023-08-30
62,57,1,'Consequatur tenetur assumenda eius et quam quibusdam soluta voluptatibus.',2023-08-02
63,19,42,'Unde deserunt nobis possimus corrupti.',2023-09-06
64,10,61,'Quo dicta optio occaecati distinctio quod provident.',2023-10-21
65,31,46,'Labore minus ad illum ipsum quae.',2023-10-03
66,53,69,'Vel aut numquam dolorem eaque beatae animi.',2023-09-07
67,8,15,'Rem ullam fuga.',2023-10-07
68,6,81,'Sequi facere ipsum minus totam doloribus provident hic id facilis.',2023-09-21
69,27,84,'Dolorem assumenda nulla iure delectus recusandae deserunt ex.',2023-10-17
70,30,23,'Amet quos inventore id earum quia nostrum in voluptate.',2023-09-19
71,9,93,'Tenetur nulla ullam esse modi.',2023-08-29
72,162,35,'Architecto cupiditate in commodi distinctio placeat aperiam.',2023-11-04
73,34,99,'Repellat dolorem officiis.',2023-11-30
74,14,67,'Consectetur voluptatem provident magni velit nostrum pariatur.',2023-11-28
75,12,70,'Ducimus facere odit ullam vel facilis optio debitis debitis vero.',2023-08-24
76,39,79,'Possimus dicta dolore repudiandae.',2023-10-28
77,23,6,'Et nam accusantium reiciendis quaerat praesentium.',2023-11-18
78,28,18,'Dolor iure facilis expedita tenetur rem facere.',2023-08-06
79,26,9,'Repudiandae veniam sapiente minima necessitatibus sapiente iste ipsam aperiam.',2023-08-09
80,6,76,'Repellendus neque natus delectus eius doloremque mollitia error minus.',2023-08-11
81,59,5,'Repudiandae iure illo atque dolores saepe sed.',2023-11-25
82,19,58,'Atque in facere dolor.',2023-10-24
83,32,22,'Tempora atque officia eum eveniet debitis quia nihil occaecati.',2023-11-26
84,31,25,'Adipisci necessitatibus nam labore laborum enim molestias.',2023-10-12
85,49,48,'Ullam asperiores ex ipsam quas hic nisi corporis a.',2023-11-28
86,5,51,'Delectus nemo voluptatum.',2023-12-12
87,11,73,'Deserunt beatae molestiae.',2023-10-10
88,62,78,'Fugiat rerum delectus voluptatum occaecati consectetur aliquam dolorem distinctio minima.',2023-10-26
89,12,31,'Sunt quae officiis autem odit.',2023-10-29
90,7,51,'Doloremque impedit enim cupiditate vitae maiores at.',2023-11-27
91,0,76,'Minima dignissimos cumque necessitatibus.',2023-11-07
92,21,85,'Reprehenderit minima alias sed ipsum voluptas doloribus.',2023-09-09
93,59,58,'Facilis hic beatae assumenda corrupti aliquid qui quas.',2023-11-18
94,0,33,'Occaecati sequi non tempore similique quibusdam maxime.',2023-08-31
95,25,22,'Blanditiis libero placeat.',2023-10-30
96,55,43,'Ipsam porro doloremque culpa necessitatibus esse.',2023-10-19
97,5,28,'Cum soluta nisi voluptatem commodi qui aliquam neque dolores laborum.',2023-10-29
98,35,90,'Dolorum quas in veniam earum.',2023-11-22
99,43,58,'Dicta ratione quod quos alias nihil exercitationem totam ipsa.',2023-10-11
100,49,36,'Eum molestiae ipsa aperiam.',2023-10-19