post_id,user_id,post,created_at
1,31,'Quidem nisi quisquam eum recusandae maxime unde animi. Quisquam totam quia. Magnam nisi corporis.',2023-11-29
2,1,'Aspernatur quis praesentium quae corporis eius non quaerat magni doloribus. Illo exercitationem asperiores quasi nobis. Quo esse enim non ab doloremque rem doloribus.',2023-10-20
3,50,'Impedit eveniet porro accusamus tempore recusandae illum. Mollitia excepturi consequatur eveniet modi aspernatur. Velit sint velit.',2023-11-12
4,62,'Minus nobis reprehenderit reprehenderit laboriosam. Sed cum illum ratione ea veniam quisquam provident iure tempora. Mollitia et quibusdam.',2023-08-09
5,47,'Nam ut quos optio voluptas distinctio perspiciatis maiores eaque dolores. Quam quo voluptatibus. Velit sed aliquid assumenda magnam odio dolor placeat.',2023-08-20
6,21,'Delectus quibusdam corporis possimus in. Sit cumque perferendis optio rerum similique quibusdam harum. Cumque sequi dolorem in.',2023-09-24
7,27,'Et quasi aspernatur adipisci. Voluptates error nulla. Voluptates totam culpa iste quae recusandae enim.',2023-12-11
8,37,'Quae impedit magnam id non aliquam. Veritatis ducimus amet consequatur dolor nam fuga. Quis placeat illo tempora reiciendis.',2023-12-10
9,37,'Mollitia optio quisquam soluta unde similique. Adipisci eos repellat ex. Praesentium voluptatibus accusamus perferendis maxime voluptatum.',2023-08-01
10,5,'Deleniti magnam provident. Adipisci ex libero. Omnis optio provident perferendis.',2023-11-26
11,11,'Qui odio sint quod ipsum consectetur culpa accusamus. Provident fugiat fugit laudantium ratione nulla. Nulla dicta possimus nemo dicta repellendus.',2023-10-23
12,14,'Cum dolor dolores qui repellendus. Minima excepturi rerum optio nesciunt atque magni totam. Consequuntur illum molestias eius iusto.',2023-09-10
13,69,'Atque id facere. Ducimus consectetur repellat voluptate facilis. Aliquid dolore corrupti.',2023-09-01
14,56,'Culpa id nihil voluptas excepturi. Voluptas sapiente expedita. Fugiat similique perspiciatis.',2023-10-28
15,51,'Eum officiis ex. Est deleniti architecto sapiente alias. Iste ipsam quasi aliquid eum.',2023-09-08
16,17,'Quo officiis reprehenderit asperiores quasi ducimus earum ut molestiae. Sed voluptates optio dolores quasi asperiores eveniet earum. Doloribus debitis cupiditate repellendus libero consequatur possimus.',2023-08-14
17,51,'Distinctio labore dolore. Modi sunt repudiandae eligendi nesciunt rem numquam. Eos asperiores nostrum sapiente nam.',2023-09-08
18,53,'Illo veritatis neque ipsa quam. Sed aliquam pariatur. Placeat quisquam occaecati libero possimus sint.',2023-09-21
19,61,'Excepturi dicta consequuntur provident assumenda rerum. Soluta ipsum unde iure nemo laboriosam. Qui accusamus pariatur laudantium veritatis.',2023-12-12
20,5,'Sapiente quae eos iste sequi. Explicabo nesciunt at. Molestiae occaecati distinctio harum ipsum voluptatem consectetur ratione dolores ipsam.',2023-10-14
21,16,'Magnam sed expedita quia aspernatur nihil hic. Excepturi perferendis accusamus libero maiores porro saepe velit. Rem perferendis mollitia.',2023-10-30
22,4,'Facere veritatis quae deleniti adipisci cupiditate. Alias harum eius delectus sit deleniti inventore earum sunt. Necessitatibus maxime reiciendis numquam architecto eaque error recusandae autem fugit.',2023-08-13
23,45,'Facere assumenda omnis soluta blanditiis veniam dolorum ipsa harum. Mollitia temporibus velit sapiente. Labore nostrum blanditiis provident aliquid blanditiis ut minus.',2023-08-24
24,6,'Aspernatur laudantium dicta ad blanditiis. Repudiandae alias possimus reiciendis beatae accusantium ullam impedit repellendus blanditiis. Aperiam aliquam suscipit ducimus at ad non.',2023-08-04
25,64,'Porro dignissimos quae fugiat atque tempore quidem qui temporibus. Delectus asperiores officiis dolorum officia perspiciatis ipsa quia esse. Sed alias sequi laborum dignissimos pariatur.',2023-11-30
26,1,'Magnam deleniti esse molestias. Accusamus dolor excepturi assumenda corporis consectetur aliquid at ullam est. Expedita voluptatibus doloremque itaque iusto dolores.',2023-08-05
27,54,'Sequi dolore occaecati officiis culpa deleniti pariatur. Ea adipisci molestiae veniam aut minima pariatur. Tenetur temporibus velit commodi ullam sapiente maiores in eveniet explicabo.',2023-09-15
28,29,'Aspernatur hic asperiores ea iste cumque. Impedit at ut corporis. Eos earum autem veritatis deserunt autem at quas non necessitatibus.',2023-11-21
29,10,'Beatae mollitia praesentium sit iste maxime unde recusandae eum. Aperiam tenetur optio corporis officia fugiat repellendus fuga dignissimos vitae. Odio ullam deleniti unde esse eveniet ab.',2023-10-02
30,41,'Unde accusantium harum nulla aperiam nam. Laborum cum saepe natus blanditiis molestias ipsa vero esse error. Minima id cum praesentium consequatur.',2023-09-19
31,55,'Reiciendis corporis quo voluptatibus saepe. Consectetur ab magnam assumenda explicabo adipisci amet molestias aliquam. Commodi ducimus nostrum tempore iste.',2023-10-31
32,31,'Deserunt mollitia excepturi magni recusandae numquam voluptate quasi voluptatibus adipisci. Quisquam possimus voluptas laborum cumque repudiandae ab eum sed ipsam. Eveniet dolorem harum veniam.',2023-11-07
33,69,'Animi magnam dolorem blanditiis minus ratione pariatur. Fugit ipsum dicta at. Similique recusandae asperiores ratione ullam aliquid.',2023-08-17
34,42,'Earum eaque ipsum beatae debitis mollitia debitis. Quod dolorem necessitatibus pariatur voluptatibus quia neque. Nam maiores rerum cum libero voluptatem.',2023-12-08
35,59,'Amet magni pariatur quam voluptates dignissimos voluptas. Esse cum officia iste pariatur temporibus hic tempora nam similique. Officia doloremque tempore ab nihil.',2023-08-30
36,34,'Excepturi eos nostrum ullam vel modi reiciendis. Quia corporis dolores sed sapiente dolorem voluptatibus. Nostrum neque tenetur quibusdam.',2023-08-27
37,38,'Sit sit reprehenderit hic cum repellendus qui reiciendis quis tempora. Animi itaque quam facilis quidem explicabo. Eum possimus voluptatibus expedita aperiam ut.',2023-10-16
38,42,'Iste provident quae cumque cumque adipisci ipsam reprehenderit facere. Accusantium nihil explicabo. Quo porro blanditiis praesentium quia.',2023-10-30
39,16,'Aperiam est repudiandae mollitia vel aut sed. Beatae accusantium praesentium eos soluta sint commodi cupiditate cum perferendis. Totam quo possimus unde et.',2023-09-03
40,23,'Nemo quam quam architecto. Corrupti nam totam. Non qui vitae suscipit explicabo.',2023-08-18
41,25,'Illo consequatur amet voluptatum autem nobis et numquam recusandae praesentium. Similique omnis natus minus architecto doloremque quaerat. Ea sunt deleniti fugit nam optio natus doloremque nostrum.',2023-11-05
42,44,'Voluptate quaerat sapiente similique error consequuntur amet beatae minus deleniti. Sunt natus quasi commodi corrupti. Qui delectus consequatur aspernatur est consectetur.',2023-08-15
43,19,'Ipsam id a eum magnam laborum laudantium officia quo officia. Molestiae quod commodi at ipsa rem culpa soluta laboriosam. Commodi voluptatem praesentium nesciunt dolorum repudiandae velit maxime eligendi aspernatur.',2023-08-07
44,2,'Blanditiis dignissimos natus blanditiis cumque corrupti fuga tenetur praesentium. Beatae quod porro nobis. Natus maiores cupiditate corrupti voluptatibus vitae dolorum illo error reiciendis.',2023-11-06
45,46,'Laborum consequuntur nulla nemo corrupti porro voluptate ipsa voluptates corporis. Possimus culpa natus explicabo a. Aperiam ullam culpa quia soluta tenetur.',2023-12-04
46,13,'Odio recusandae qui delectus corrupti sequi recusandae. Dolor commodi ipsa distinctio iure cupiditate accusantium. Sequi magnam est rerum adipisci similique commodi sunt non.',2023-10-05
47,44,'Commodi nostrum sit nihil commodi veritatis dignissimos necessitatibus. Qui quas distinctio est a asperiores molestiae. Cupiditate vitae maxime.',2023-10-03
48,25,'Dolorum soluta fugit eos fugit quaerat quo adipisci. Rem id culpa repellat molestiae autem id delectus magni. Sint esse quo ut iusto minima.',2023-11-08
49,4,'Nobis rem non quos porro ad dolorem aliquam occaecati. Accusamus ab ab quaerat repellendus a ipsum ex magni. Et fugiat vitae.',2023-09-11
50,38,'Vitae eius assumenda ea ipsam architecto consequatur eligendi. Asperiores accusantium dicta eveniet ipsum assumenda. Cumque beatae nam minima optio doloremque.',2023-10-17
51,47,'Corrupti qui distinctio quidem veniam. Inventore nam dolorem repudiandae. Quos dicta doloribus quia adipisci libero est.',2023-08-24
52,41,'Maxime cumque possimus maxime. Laudantium veritatis placeat aliquam atque amet corporis numquam sint. Amet praesentium beatae quaerat quibusdam quasi dolorem.',2023-08-23
53,46,'Corrupti distinctio dolor omnis exercitationem et molestiae iusto animi. Eius corrupti iure. Ipsa impedit eos temporibus.',2023-08-21
54,17,'Sequi doloribus saepe libero esse numquam harum. Debitis odit amet nisi placeat quod. Corrupti vero ab labore occaecati velit cupiditate provident atque.',2023-09-26
55,33,'Illo doloremque est inventore accusantium doloremque tenetur ut. Numquam eveniet omnis. Porro autem ipsam vel vero sed.',2023-09-05
56,16,'Iusto animi nesciunt. Molestias perferendis eligendi minima distinctio eveniet quia vitae. Autem necessitatibus neque cupiditate temporibus.',2023-11-02
57,45,'Maiores incidunt nihil explicabo amet pariatur voluptate dolorum molestiae. Deserunt voluptas magni laborum. Inventore ea explicabo.',2023-09-01
58,134,'Fugiat voluptatibus amet animi culpa error fuga. Odit sed molestias eaque accusantium aliquid. Ipsam modi nulla a tenetur.',2023-08-05
59,58,'Dolore sapiente omnis tenetur voluptates. Ex accusantium corporis facilis reiciendis corrupti cumque eaque. Quasi voluptates animi itaque suscipit recusandae nemo voluptates architecto.',2023-09-22
60,40,'Natus dolores perferendis quidem alias quo. Fugit expedita reprehenderit ad illum impedit. Nihil incidunt reiciendis eos consectetur iure repudiandae.',2023-10-17
61,21,'Totam laudantium perferendis. Dolore voluptatibus recusandae blanditiis libero facere. Eaque est explicabo iure ut dolores.',2023-11-11
62,3,'Explicabo alias consequatur laudantium laborum quas repudiandae. Quam hic est. Saepe vero recusandae assumenda animi ipsum alias.',2023-11-16
63,2,'Odit nostrum dolorem necessitatibus. Corrupti quis enim atque quaerat ipsum ullam. Nobis quibusdam voluptate.',2023-12-09
64,9,'Eligendi minima quam. Praesentium laboriosam cumque impedit. Optio aliquid ducimus soluta quidem eum magnam eaque.',2023-10-13
65,9,'Iure corrupti eveniet consequuntur harum saepe voluptatibus. Amet animi dolore. Temporibus ab explicabo.',2023-11-25
66,22,'Recusandae excepturi praesentium. Nesciunt ea quod vel possimus quos expedita in explicabo asperiores. Eligendi voluptate vero.',2023-08-20
67,33,'Laborum soluta aliquam facere est eum expedita eum aperiam. Culpa dolore ducimus. Voluptatum voluptates laborum quam non.',2023-10-29
68,21,'Consequuntur alias libero quo. Ex necessitatibus placeat eligendi. Nulla illo beatae.',2023-12-08
69,45,'Est odio deleniti. Illo iure dolor temporibus fuga nostrum magni suscipit incidunt. Sint maxime praesentium voluptatibus fugit.',2023-09-16
70,46,'Optio nulla esse explicabo occaecati ducimus possimus perferendis. Quas voluptate recusandae. Veniam aut placeat debitis neque accusamus voluptatibus maiores.',2023-11-01
71,64,'Et occaecati cupiditate doloribus quos molestiae aperiam accusantium. Dolorum ad tempora. Cupiditate quam odio facilis.',2023-10-18
72,44,'Maxime eaque illo quibusdam. Veritatis ducimus rerum. Nulla perferendis qui consequuntur accusamus aperiam ipsum deserunt consequatur odit.',2023-11-15
73,65,'Consectetur autem soluta temporibus sed. Provident aliquid odit. Atque molestias asperiores quis dolorum fugiat ut dicta.',2023-11-28
74,11,'Neque officiis architecto temporibus iusto est occaecati veritatis enim alias. Consequatur tempore quibusdam a explicabo nisi placeat perferendis mollitia assumenda. Possimus quod assumenda delectus reiciendis.',2023-10-04
75,11,'Veritatis officiis est officia atque ullam nisi. Dolor labore culpa dicta cupiditate dolores debitis quibusdam maiores libero. Exercitationem ullam provident deleniti aliquam quos.',2023-11-10
76,30,'Beatae iusto quis cupiditate corrupti dicta hic. Dolore sed ad debitis. Velit eligendi quae cupiditate.',2023-09-14
77,26,'Iusto repellendus possimus animi illum nam architecto debitis eligendi. Facere reprehenderit enim modi autem hic. Tenetur velit a impedit quis similique ipsa ducimus eum fuga.',2023-10-26
78,5,'Quasi repellat quaerat cumque vero accusantium consectetur quidem voluptatem deleniti. Sed reiciendis impedit atque possimus earum iure officia eligendi explicabo. Necessitatibus quisquam assumenda quia.',2023-11-26
79,23,'Reprehenderit quis reiciendis. Ullam error molestiae eveniet necessitatibus provident. Ex cum laborum.',2023-12-02
80,53,'Fugit harum nesciunt. Ab eum rerum occaecati consectetur ratione ipsa quisquam. Alias id voluptates dolores soluta blanditiis adipisci.',2023-10-08
81,51,'Inventore ipsum earum dicta aperiam perspiciatis. Dolore veniam laborum ea expedita tenetur earum sequi recusandae. Adipisci dolorum voluptatem.',2023-11-02
82,54,'Sit necessitatibus voluptatem esse. Debitis soluta neque iste saepe. Iste possimus eligendi tempora amet sint omnis officia.',2023-10-19
83,33,'Quis quasi minus. Praesentium et molestiae. Ab officiis est ad eveniet.',2023-12-09
84,1,'Ullam iste repellendus assumenda nam. Atque labore labore commodi expedita. Ullam est similique minima.',2023-08-31
85,4,'Velit fugit quod. Cum unde vel libero blanditiis mollitia officia fugiat possimus. Maiores quas delectus illum rem delectus facilis ipsum nostrum ipsam.',2023-11-08
86,57,'Repellat quaerat eaque fuga. Accusantium sunt illo ea. Laudantium nam porro.',2023-12-06
87,68,'Ea sapiente nam ex natus. Enim temporibus laudantium explicabo dignissimos. Eaque labore atque.',2023-10-01
88,18,'Mollitia ipsa fuga voluptates inventore exercitationem laborum. Placeat doloremque atque quam. Impedit debitis architecto.',2023-10-14
89,68,'Deleniti quas qui laudantium a suscipit veritatis. Necessitatibus possimus nam provident necessitatibus. Optio maxime perferendis odit veritatis hic neque unde eius molestias.',2023-10-05
90,47,'Unde voluptas hic vero nemo tenetur. Expedita eius cum blanditiis. Voluptate veniam veritatis laboriosam libero corporis aliquam.',2023-08-24
91,22,'Aperiam necessitatibus illo doloremque doloribus tenetur mollitia voluptatum pariatur. Ratione ut quo culpa. Placeat harum saepe eum.',2023-10-24
92,55,'Qui aut assumenda officia pariatur consectetur cum nihil quibusdam deleniti. Rem corporis ratione itaque expedita officia voluptates consequuntur fuga repellat. Repudiandae sint voluptatibus quae eius.',2023-08-05
93,15,'Fugiat nulla animi consequuntur at neque nihil. Modi est fuga quasi. Quod necessitatibus itaque mollitia aspernatur quo.',2023-10-10
94,63,'Nisi ducimus libero odit totam. Corporis sunt pariatur. Nostrum illum similique corrupti nisi dolorem sed sed.',2023-09-20
95,69,'Dolor porro recusandae minus possimus explicabo soluta natus ut. Ratione officia aperiam. Deleniti inventore modi dignissimos consequatur hic reprehenderit sit.',2023-11-23
96,48,'Assumenda possimus molestias quaerat mollitia vel alias doloremque assumenda officia. Saepe quas consectetur. Animi consequatur vel voluptates nisi facilis asperiores.',2023-12-07
97,53,'Consectetur consectetur sint sequi enim. Doloremque accusantium porro. Ipsam dicta accusantium eius.',2023-10-13
98,62,'Aliquam officiis aliquid aliquam accusantium veritatis mollitia vero ipsa. Aliquam qui eos ullam quae maiores aliquid ducimus aspernatur ratione. Error expedita dicta ab.',2023-08-19
99,16,'Iste tempore repellat cupiditate. Provident natus esse porro. Unde totam quidem non.',2023-11-02
100,62,'Facilis quisquam modi temporibus amet. Nobis in voluptates maxime officiis a cupiditate ut veniam. Eaque perferendis itaque maiores perspiciatis eaque.',2023-08-23