user_id,name,age,location
1,Vicki,49,Marksfort
2,Luke,1,Lowefort
3,Elias,10,Janiyacester
4,Lela,10,Great Falls
5,Carroll,58,Tampa
6,Kendra,25,East Julius
7,Edward,26,South Colincester
8,Ethel,7,Johnstonside
9,Jessie,44,East Johnathan
10,Courtney,61,Lake Peytontown
11,Rudolph,49,Malindaside
12,Karla,69,Rancho Santa Margarita
13,Lula,51,West Alejandra
14,Bradley,37,West Florida
15,Ervin,21,Grand Junction
16,Ruby,35,Harveyhaven
17,Wm,10,East Dock
18,Jack,6,Lake Alexafield
19,Andre,59,Virginiefield
20,Carlos,16,Koleworth
21,Virginia,13,Ankundingborough
22,Pat,46,Tremblayville
23,Emanuel,34,Doylestad
24,Tricia,45,West Clifford
25,Dianna,57,Carrollberg
26,Joan,21,Elviefort
27,Dallas,19,Kayleighton
28,Jane,38,West Florida
29,Matthew,47,New Colefield
30,Kay,36,Spring
31,Lyle,36,North Newellfort
32,Francisco,8,East Emmanuelleworth
33,Donna,22,East Jakaylachester
34,Kari,38,Topeka
35,Minnie,9,Traceyside
36,Ann,28,East Lera
37,Antonio,17,Carmichael
38,Ross,27,South Albert
39,Molly,36,East Gabe
40,Clyde,55,Wiegandfield
41,Juan,68,Federal Way
42,Jeffrey,69,Jordanemouth
43,Samantha,35,Wunschhaven
44,Lewis,11,Emilioport
45,Tracy,42,West Alejandra
46,Tiffany,18,Rialto
47,Marian,53,Port Richardfield
48,Myron,18,New Grayceville
49,Tyler,18,Framingham
50,Adrienne,69,South Mollyberg
51,Patsy,31,Deondreside
52,Anna,30,Haleyworth
53,Floyd,56,North Lou
54,Sabrina,67,Port Norene
55,Victoria,68,Tampa
56,Glen,67,Priceville
57,Tyrone,21,North Ameliecester
58,Marion,28,New Geraldineboro
59,Kate,15,Elissastead
60,Naomi,61,Betteview
61,Terry,52,Lake Gerhard
62,Glenn,22,East Crawford
63,Margarita,31,Zulaufhaven
64,George,20,Raleigh
65,Antonio,47,South Kyliechester
66,Lyle,58,Blandaside
67,Kay,19,Skileshaven
68,Cora,12,Lake Kristopher
69,Owen,8,New Grace
70,Mary,57,West Eleazar
71,Andre,4,Krajcikchester
72,Winifred,58,Emmetstad
73,Bryan,10,Milwaukee
74,Miguel,24,Biankaview
75,Rebecca,61,Lake Caroline
76,Victor,29,Donland
77,Patricia,15,West Alejandra
78,Laurie,33,Rippinbury
79,Danielle,36,Fort Thelma
80,Antonia,38,Rohanfield
81,Jerome,44,Port Johnathonview
82,Latoya,68,Conradland
83,Shannon,52,Blickton
84,Jessica,53,Delphinecester
85,Paul,50,New Shakira
86,Olivia,62,Charlotte
87,Naomi,36,East Arthurchester
88,Rosalie,24,East Hollieborough
89,Tricia,57,Fadelstad
90,Pamela,43,Boscoview
91,Tracey,59,Velmaborough
92,Francis,13,Port Mathildeberg
93,Yvonne,12,Handfort
94,Charles,67,Barrettview
95,Lee,69,Lake Charleyworth
96,Janet,31,Turcottetown
97,Hope,33,South Amy
98,Francisco,47,Stewartland
99,Charlotte,47,Port Jaquelin
100,Erika,19,Louisville/Jefferson County
101,Jeffrey,58,Mishawaka
102,Tony,39,Allenbury
103,Marcus,1,Krajcikberg
104,Naomi,30,West Florida
105,Ken,63,West Montyland
106,Stella,43,Dachside
107,Abraham,11,Fort Dedric
108,Inez,49,Monterey Park
109,Felix,16,New Robynbury
110,Jeremy,46,Fort Lilianacester
111,Benjamin,28,Port Ferminfort
112,George,32,Collierchester
113,Harriet,4,Littleboro
114,Laurie,70,East Shyannfort
115,Garrett,50,Kozeyborough
116,Terrance,25,Nonafield
117,Stewart,4,South Emilie
118,Sidney,20,South Dewayne
119,Ruben,30,Lake Mazieland
120,Daniel,47,West Alejandra
121,Mike,58,Blaine
122,Carla,41,Lehnerbury
123,Vanessa,38,Darrinport
124,Larry,35,Lake Donmouth
125,Melissa,26,South Judson
126,Lois,45,Council Bluffs
127,Hattie,69,Oklahoma City
128,Jennie,30,Irondequoit
129,Antonia,54,Port Anibalborough
130,Lorena,1,Fritzstad
131,Priscilla,34,East Rahsaanberg
132,Juanita,67,Desmondtown
133,Lester,60,New Velmaworth
134,Anne,23,North Rowlandchester
135,Rochelle,52,Marcelinomouth
136,Edward,19,Tampa
137,Phil,27,Nitzscheworth
138,Wesley,35,San Ramon
139,Pat,1,West Rossietown
140,Marsha,6,South Carmen
141,Ronnie,34,Quincyport
142,Domingo,67,Shadfield
143,Darlene,36,Fadelchester
144,Alfonso,36,Bednarfort
145,Vicky,8,South Irmaborough
146,Bryant,55,Aspen Hill
147,Jessie,23,West Pinkieland
148,Jeanette,43,New Oral
149,Earl,12,Heaneyfield
150,Juanita,17,Pearlinecester
151,Erika,10,Fort Anjalistad
152,Mattie,54,Lake Tillmanfurt
153,Daniel,10,West Alejandra
154,Leland,44,South Aurelio
155,Herbert,62,East Katrinaview
156,Corey,43,New Alden
157,Gretchen,26,Shreveport
158,Jeremy,10,Crystelfield
159,Tracy,18,Oakland
160,Kara,68,Rickland
161,Richard,29,Port Ebonycester
162,Eileen,44,West Florida
163,Carlos,26,Arvada
164,Terrence,42,Kailynburgh
165,Alfonso,4,Dannieside
166,Kelley,6,Fort Adam
167,Bob,17,Leschhaven
168,Omar,12,West Florida
169,Marta,5,Cormierborough
170,Raul,1,Franeyside
171,Daniel,48,Bechtelarstad
172,Ed,70,Ubaldoville
173,Earl,69,Kannapolis
174,Rufus,31,Pico Rivera
175,Mildred,55,East Myrtice
176,Bruce,10,Elenoraside
177,Marlene,68,Portland
178,Madeline,65,Lake Ricardoport
179,Angel,48,Hammesfield
180,Domingo,63,Kozeyfurt
181,Timothy,27,West Florinefurt
182,Vincent,33,Edina
183,Edith,67,Demarcoburgh
184,Eunice,34,Brentwood
185,Gilberto,13,North Marjolaine
186,Marcus,38,Raucester
187,Adrian,70,Burbank
188,Garry,17,Trentontown
189,Ellis,55,Tampa
190,Alison,42,North Precious
191,Alan,58,Fort Lucas
192,Chelsea,7,Mariloucester
193,Gilberto,2,Stoltenbergton
194,Loretta,33,Riverside
195,Silvia,57,New Mohamed
196,Geoffrey,69,Sandy
197,Amy,63,Quentinmouth
198,Randy,34,Kautzerburgh
199,Mandy,18,Herzogfield
200,Gary,5,Fort Ryley
201,Kristopher,38,West Lura
202,Leroy,29,Arnoldcester
203,Helen,25,Beattycester
204,Kelly,70,South Juwan
205,Marjorie,63,Ryderside
206,Antonio,64,Lake Lucile
207,Allison,6,Fort Sibyl
208,Kayla,41,Corwincester
209,Salvador,4,Melbourne
210,Ira,28,North Cordell
211,Juanita,43,North Camilla
212,Patricia,19,Syracuse
213,Ora,54,Lake Daphne
214,Della,50,New Twilafort
215,Archie,41,Bruenberg
216,Amy,18,Hoppeland
217,Jeffrey,45,West Victor
218,Nathaniel,63,South Seamus
219,Brad,14,Juvenalborough
220,Sonia,10,Sauerside
221,Jaime,67,South Yessenia
222,Sylvester,58,Harberchester
223,Randy,47,Lake Araville
224,Sergio,66,Arvada
225,Patricia,59,Woodbury
226,Terry,26,Elijahstead
227,Anna,34,Port Ona
228,Beverly,53,Lansing
229,Spencer,56,New Domenicofort
230,Troy,50,Dachberg
231,Heidi,66,Fort Giovannyborough
232,Jan,22,St. Louis
233,Evelyn,21,Gilroy
234,Jorge,61,Urbandale
235,Anthony,7,Windlerport
236,Stuart,49,Newport Beach
237,Shelly,21,Belleville
238,Erik,42,Audrachester
239,Marlene,16,Lindgrenstad
240,Anita,37,Bednarton
241,Kurt,66,New Velma
242,Simon,18,West Florida
243,Larry,32,North Wanda
244,Howard,64,Altadena
245,Alexandra,64,Rosenbaummouth
246,Debbie,38,Framingham
247,Regina,5,Tampa
248,Elsie,13,Harrisburg
249,Kathy,57,West Meaganland
250,Herbert,22,Faustinofurt
251,Lillie,59,North Angie
252,Enrique,49,Tampa
253,Pamela,44,Lake Forest
254,Warren,65,Lake Alda
255,Sonya,36,Indianapolis
256,Pam,52,Milford
257,Lucia,27,West Nicklaus
258,Timothy,16,Fort Maudie
259,Nora,19,North Larue
260,Darlene,45,West Bryce
261,Jan,14,East Cecelia
262,Willard,10,West Brantville
263,Ray,60,Germantown
264,Jimmie,70,Jacobihaven
265,Sonia,13,Lancaster
266,Phillip,28,Swiftfield
267,Sadie,5,Cape Coral
268,Ronnie,59,Trompland
269,Otis,47,Lakewood
270,Benjamin,27,Berryview
271,Pam,33,Fort Vivienshire
272,Noel,32,Heaneyshire
273,Elsie,66,East Stanworth
274,Bessie,52,New Francisca
275,Monique,50,South Justen
276,Rosa,14,East Ardithstad
277,Homer,19,Lake Zackhaven
278,Darlene,28,East Drakefort
279,Eunice,2,East Eriberto
280,Krista,37,New Missouri
281,Abraham,4,Stantonview
282,Neal,29,Marietta
283,Amos,35,North Nathen
284,Jerome,67,East Madalyn
285,Sylvia,13,Bartonmouth
286,Donna,1,Warrenstad
287,Shannon,69,Corona
288,Patricia,53,Menifee
289,Blake,5,Hilllstad
290,Gina,58,South Everettefort
291,Mitchell,29,Bauchport
292,Myrtle,3,Pricestad
293,Lyle,14,Marcelinafield
294,Armando,2,East Jaidenville
295,Shelly,11,Huelsmouth
296,Jordan,43,Ocala
297,Sheri,23,Runtecester
298,Bethany,63,West Florida
299,Jeannie,26,Harveyburgh
300,Matthew,68,Tampa